term,score
darling,3.693626305127007
sea,3.353423882286361
warm,3.189074640923004
dreaming,2.619323895722132
lay,2.520595533498759
share,2.5030913978494627
forever,2.39817139913721
closer,2.369790672520201
weve,2.3641949448401065
across,2.3641949448401065
babe,2.3315853593940354
together,2.2382337387625597
holding,2.0553243149497056
arms,2.0427268533304943
kiss,2.040137189469781
