term,score
darling,3.736482012800707
warm,3.5128385638593502
sea,3.1661768634784933
lay,2.776493557204217
dreaming,2.7203739546433923
share,2.5781725888324876
babe,2.5400715160911207
forever,2.26426335146965
closer,2.237467335475926
weve,2.232184059595227
across,2.232184059595227
kiss,2.2225625765797306
arms,2.155567841048064
together,2.113256220354498
