term,score
warm,5.5609489051094885
darling,4.907246376811595
blue,2.970175438596491
whatever,2.9443478260869567
happy,2.730645161290323
standing,2.582542372881356
arms,2.5143564356435646
true,2.467030965391621
forever,2.3654690618762477
close,2.347042513863216
moment,2.3351724137931034
stars,2.3086363636363636
must,2.238341346153846
lonely,2.177491961414791
together,2.0815573770491804
sweet,2.0815573770491804
eyes,2.0512924071082392
kind,2.027544910179641
strong,2.0154761904761904
