term,score
goodbye,3.5534566443657356
loved,2.7153630903630908
voice,2.3513888888888888
looked,2.2782595693779903
arms,2.2434493449344934
finally,2.2031976203755343
road,2.1376262626262625
old,2.071853146853147
anymore,2.056961120640366
miss,2.0314088085827215
didnt,2.0175348995573716
